﻿<skills delay="500"><skill index="1" name="1: Stalagmite" rule="RBot.CombinedUseRule"><rule type="RBot.CombinedUseRule" rule="And" not="False" /></skill><skill index="2" name="2: Echoing Earth" rule="RBot.CombinedUseRule"><rule type="RBot.CombinedUseRule" rule="And" not="False" /></skill><skill index="3" name="3: Land's Embrace" rule="RBot.CombinedUseRule"><rule type="RBot.CombinedUseRule" rule="And" not="False"><subrule type="RBot.HealthUseRule" min="0" max="0.65" /></rule></skill><skill index="4" name="4: Endless Fissure" rule="RBot.CombinedUseRule"><rule type="RBot.CombinedUseRule" rule="And" not="False" /></skill></skills>