﻿<skills delay="50"><skill index="1" name="1: Commandment" rule="RBot.CombinedUseRule"><rule type="RBot.CombinedUseRule" rule="And" not="False" /></skill><skill index="2" name="2: Hymn of Light" rule="RBot.CombinedUseRule"><rule type="RBot.CombinedUseRule" rule="And" not="False"><subrule type="RBot.HealthUseRule" min="0" max="0.8" /></rule></skill><skill index="3" name="3: Righteous Seal" rule="RBot.CombinedUseRule"><rule type="RBot.CombinedUseRule" rule="And" not="False"><subrule type="RBot.HealthUseRule" min="0" max="0.65" /></rule></skill><skill index="4" name="4: Sacred Magic: Eden" rule="RBot.CombinedUseRule"><rule type="RBot.CombinedUseRule" rule="And" not="False" /></skill></skills>