﻿<skills delay="50"><skill index="1" name="1: Decisive Strike" rule="RBot.CombinedUseRule"><rule type="RBot.CombinedUseRule" rule="And" not="False" /></skill><skill index="2" name="2: Imbalancing Strike" rule="RBot.CombinedUseRule"><rule type="RBot.CombinedUseRule" rule="And" not="False" /></skill><skill index="3" name="3: Prepared Strike" rule="RBot.CombinedUseRule"><rule type="RBot.CombinedUseRule" rule="And" not="False" /></skill><skill index="4" name="4: On Guard" rule="RBot.CombinedUseRule"><rule type="RBot.CombinedUseRule" rule="And" not="False" /></skill></skills>