﻿<skills delay="100"><skill index="2" name="2: Highlord's Gaze" rule="RBot.CombinedUseRule"><rule type="RBot.CombinedUseRule" rule="And" not="False" /></skill><skill index="3" name="3: Unshackle" rule="RBot.CombinedUseRule"><rule type="RBot.CombinedUseRule" rule="And" not="False"><subrule type="RBot.HealthUseRule" min="0.69" max="1" /></rule></skill><skill index="4" name="4: Armageddon" rule="RBot.CombinedUseRule"><rule type="RBot.CombinedUseRule" rule="And" not="False"><subrule type="RBot.ManaUseRule" min="0.68" max="1" /></rule></skill></skills>